variant,threads,trial,operations,seconds,ops_per_second
sequential,1,1,2690868998,5.000604625,538108728.802
sequential,1,2,2703285926,5.004523666,540168476.845
sequential,1,3,2705472942,5.001134750,540971814.847
sequential,1,4,2691178080,5.004709375,537729142.364
sequential,1,5,2670204250,5.001221500,533910415.685
empty,1,1,1426746656,5.001663916,285254403.327
empty,1,2,1373090254,5.004671458,274361716.952
empty,1,3,1413661009,5.002776417,282575292.431
empty,1,4,1403732456,5.004745667,280480278.000
empty,1,5,1412555979,5.001062084,282451198.420
empty,2,1,134914007,5.004495042,26958565.423
empty,2,2,132758882,5.002472250,26538654.362
empty,2,3,131486016,5.003565542,26278463.807
empty,2,4,119941138,5.002951459,23974075.900
empty,2,5,118835056,5.003923625,23748375.256
empty,4,1,292718459,5.004314958,58493212.649
empty,4,2,634981909,5.003644916,126903871.010
empty,4,3,619371257,5.003601625,123785085.908
empty,4,4,598354413,5.004461083,119564205.431
empty,4,5,583172800,5.001111416,116608639.858
empty,8,1,352581904,5.001427709,70496251.174
empty,8,2,396498744,5.004888708,79222289.872
empty,8,3,438934658,5.004972333,87699717.160
empty,8,4,379521518,5.000250166,75900506.055
empty,8,5,277587887,5.005017750,55461918.592
locked,1,1,1288585924,5.002723459,257576884.783
locked,1,2,1292679923,5.004473125,258304898.580
locked,1,3,1328986820,5.000794792,265755119.991
locked,1,4,1321894993,5.003187416,264210568.801
locked,1,5,1279040678,5.003533125,255627502.816
locked,2,1,63528476,5.003649833,12696427.232
locked,2,2,157653448,5.004204333,31504198.771
locked,2,3,163353195,5.004972125,32638182.775
locked,2,4,157753968,5.001985250,31538271.329
locked,2,5,148133766,5.004334166,29601093.989
locked,4,1,93845613,5.001624334,18763027.115
locked,4,2,116317504,5.004652125,23241875.978
locked,4,3,116167489,5.004907208,23210717.836
locked,4,4,119355285,5.004295541,23850566.783
locked,4,5,101248166,5.004487708,20231474.610
locked,8,1,55515697,5.003857000,11094581.040
locked,8,2,62175412,5.004906917,12422890.781
locked,8,3,51156718,5.002898167,10225416.607
locked,8,4,63136406,5.000508333,12625997.558
locked,8,5,57909821,5.004019583,11572660.746
striped,1,1,1406560599,5.001345583,281236434.407
striped,1,2,1271284228,5.001099250,254200959.519
striped,1,3,1265155741,5.004502417,252803502.842
striped,1,4,1268475802,5.001312708,253628572.349
striped,1,5,1272356335,5.003269708,254304966.403
striped,2,1,75258465,5.001301625,15047775.688
striped,2,2,74719325,5.004517625,14930375.033
striped,2,3,80015429,5.003084125,15993220.782
striped,2,4,75962606,5.003739125,15181168.343
striped,2,5,72475518,5.003150291,14485976.592
striped,4,1,64434406,5.005029750,12873930.669
striped,4,2,63936621,5.005015791,12774509.346
striped,4,3,63516770,5.005027625,12690593.291
striped,4,4,63733347,5.005024625,12733872.813
striped,4,5,62650464,5.005025875,12517510.511
striped,8,1,44241213,5.005022375,8839363.680
striped,8,2,44512742,5.005017625,8893623.427
striped,8,3,43093055,5.005023458,8609960.645
striped,8,4,41805294,5.005021292,8352670.560
striped,8,5,43608408,5.005016666,8712939.618
thread-local,1,1,1877277750,5.005012792,375079510.886
thread-local,1,2,1621461016,5.004770750,323983074.749
thread-local,1,3,1586436078,5.001919167,317165476.897
thread-local,1,4,1637738103,5.004198333,327272820.544
thread-local,1,5,1620779402,5.004353542,323873880.692
thread-local,2,1,3695148355,5.005033791,738286395.118
thread-local,2,2,3121914006,5.004798250,623784186.705
thread-local,2,3,3164591632,5.003755583,632443287.748
thread-local,2,4,3158930789,5.004805417,631179541.620
thread-local,2,5,3164737389,5.003003959,632567436.471
thread-local,4,1,7341989841,5.005026250,1466923343.509
thread-local,4,2,6136832491,5.005025500,1226134110.805
thread-local,4,3,6007197815,5.005025792,1200233138.579
thread-local,4,4,6051518894,5.005024750,1209088705.106
thread-local,4,5,6307671070,5.005028708,1260266711.341
thread-local,8,1,13540112501,5.005020792,2705305944.511
thread-local,8,2,10418143401,5.005024500,2081536943.725
thread-local,8,3,10707660843,5.004217334,2139727379.594
thread-local,8,4,9404284368,5.005021417,1878969855.365
thread-local,8,5,9457049376,5.005048708,1889501966.461
double-buffered,1,1,961730655,5.003514334,192211032.247
double-buffered,1,2,1197855041,5.004771042,239342625.456
double-buffered,1,3,1173911606,5.002696958,234655749.860
double-buffered,1,4,1190370239,5.003182875,237922592.226
double-buffered,1,5,1174146451,5.004781000,234604960.936
double-buffered,2,1,1870254085,5.003104292,373818728.502
double-buffered,2,2,2337855122,5.004764250,467125923.464
double-buffered,2,3,2398190890,5.004999375,479159078.816
double-buffered,2,4,2387607876,5.002690791,477264731.271
double-buffered,2,5,2370542285,5.005026167,473632345.947
double-buffered,4,1,5459246214,5.005024042,1090753244.777
double-buffered,4,2,4595945839,5.004619791,918340659.417
double-buffered,4,3,4538756093,5.005024791,906839882.424
double-buffered,4,4,4585351906,5.004713208,916206726.625
double-buffered,4,5,4601949847,5.000771500,920247975.137
double-buffered,8,1,10257973170,5.003334042,2050227525.064
double-buffered,8,2,8789218393,5.005023500,1756079345.681
double-buffered,8,3,8651884109,5.005021125,1728640877.415
double-buffered,8,4,8694378331,5.005022875,1737130588.239
double-buffered,8,5,8489580020,5.005021916,1696212356.805
