variant,threads,median_mops
sequential,1,538.108729
empty,1,282.451198
empty,2,26.278464
empty,4,119.564205
empty,8,75.900506
locked,1,258.304899
locked,2,31.504199
locked,4,23.210718
locked,8,11.572661
striped,1,254.200960
striped,2,15.047776
striped,4,12.733873
striped,8,8.712940
thread-local,1,323.983075
thread-local,2,632.443288
thread-local,4,1226.134111
thread-local,8,2081.536944
double-buffered,1,234.655750
double-buffered,2,473.632346
double-buffered,4,918.340659
double-buffered,8,1737.130588
